id,city,stateOrProvince,bathrooms,bedrooms,listPrice,livingArea,yearBuilt,propertySubType,listingCategory,numParkingSpaces,photoscount,grade
2698139,St Peters,1000,6,5,425000,3046,1998,10,1,3,29,awesome
2698093,St Louis,1000,2,3,175000,1587,1962,10,1,1,29,awesome
2698007,Ballwin,1000,3,3,295000,2437,1986,20,1,2,29,awesome
2697963,Manchester,1000,2,3,215000,1780,1969,10,1,2,29,awesome
2697938,Ofallon,1000,4,4,375000,3405,2007,10,1,3,29,awesome
2697936,Wildwood,1000,3,4,299900,1814,1999,10,1,2,29,awesome
2697845,Monroe City,1000,1,2,140000,2800,2012,10,1,2,29,awesome
2697825,Bismarck,1000,1,3,82500,1435,1954,10,1,1,29,awesome
2697732,St Louis,1000,4,4,239900,2358,1903,10,1,2,29,awesome
2697716,Fenton,1000,3,3,239900,1524,1985,10,1,2,29,awesome
2697594,Coral Springs,1001,3,2,109990,1377,1984,20,1,0,29,awesome
2697536,Coral Springs,1001,3,4,3000,,2000,10,2,3,29,awesome
2697492,Surfside,1001,3,2,3995000,1882,2017,20,1,0,29,awesome
2697491,Miami,1001,2,4,374000,1994,1986,10,1,0,29,awesome
2697464,Miami,1001,3,3,1750,,1996,70,2,0,29,awesome
2697341,Miami Beach,1001,2,1,615000,778,2008,20,1,1,29,awesome
2697334,Miami,1001,3,3,1225000,2399,1954,10,1,0,29,awesome
2697288,Miami Beach,1001,1,1,1350,,1976,20,2,1,29,awesome
2697218,Coral Springs,1001,2,4,415000,2310,1984,10,1,2,29,awesome
2697153,Sunrise,1001,2,4,379900,2242,1973,10,1,1,29,awesome
2697126,Pompano Beach,1001,2,3,228000,1390,1972,20,1,0,29,awesome
2697005,Sunrise,1001,2,2,85900,850,1975,20,1,0,29,awesome
2696974,Miami,1001,2,2,265000,1304,1984,10,1,0,29,awesome
2696672,Aventura,1001,2,2,227000,1081,1971,20,1,1,29,awesome
2696669,Aventura,1001,2,2,360000,1750,1995,20,1,1,29,awesome
2696650,Doral,1001,5,5,855000,4309,2017,10,1,4,29,awesome
2696607,Miami Gardens,1001,3,4,320000,1921,1955,10,1,2,29,awesome
2696535,Miami Beach,1001,2,1,552000,865,1965,20,1,1,29,awesome
2696520,Miami,1001,2,2,2700,,2006,60,2,1,29,awesome
2696463,Coconut Grove,1001,2,2,5500,,2018,20,2,1,29,awesome
2696369,Homestead,1001,3,4,293000,2513,2003,10,1,2,29,awesome
2696296,Hialeah,1001,2,4,450000,2007,1987,10,1,2,29,awesome
2696238,Miami,1001,1,3,279400,1071,1953,10,1,0,29,awesome
2696235,Hialeah,1001,2,3,314900,2693,1984,10,1,1,29,awesome
2696217,Palmetto Bay,1001,3,5,949000,5414,1980,10,1,2,29,awesome
2696170,Hollywood,1001,2,2,125000,1078,1972,20,1,0,29,awesome
2696160,Miami,1001,3,4,2575,,1989,10,2,2,29,awesome
2696077,Homestead,1001,2,4,279000,2270,2005,10,1,2,29,awesome
2696070,Miami,1001,2,3,515900,2570,1958,10,1,0,29,awesome
2696029,Homestead,1001,2,4,415000,2624,2000,10,1,2,29,awesome
2696021,Aventura,1001,1,1,1550,,1971,20,2,1,29,awesome
2695964,Bay Harbor Islands,1001,1,1,2100,,1966,20,2,1,29,awesome
2695913,Miramar,1001,3,4,2550,,2002,70,2,1,29,awesome
2695219,Montgomery,1002,2,3,125000,2052,1954,10,1,,29,awesome
2695207,Ramer,1002,2,3,82900,1064,2007,10,1,,29,awesome
2683453,Las Vegas,1003,3,3,1595,2005,2004,10,2,,35,awesome
2683452,Las Vegas,1003,2,3,1200,1255,2006,20,2,,50,awesome
2683451,Las Vegas,1003,2,3,1100,1026,1972,70,2,,40,awesome
2683450,Las Vegas,1003,2,2,1000,960,1999,20,2,,47,awesome
2683449,North Las Vegas,1003,3,4,1495,2047,2000,10,2,,35,awesome
2683448,Las Vegas,1003,4,3,1900,1584,2007,20,2,,48,awesome
2683446,Las Vegas,1003,2,3,269900,1673,2008,10,1,,35,awesome
2683444,Las Vegas,1003,3,3,339900,2494,2003,10,1,,35,awesome
2683440,Las Vegas,1003,3,2,2450,1856,1974,20,2,,47,awesome
2683435,Las Vegas,1003,2,1,1995,1534,1974,20,2,,34,awesome
2683432,Henderson,1003,3,3,1895,2851,2007,10,2,,40,awesome
2683431,Las Vegas,1003,2,2,139900,1053,2002,20,1,,35,awesome
2683425,North Las Vegas,1003,2,3,264900,1371,2009,10,1,,33,awesome
2683424,Las Vegas,1003,2,3,228900,1233,1978,10,1,,30,awesome
2683422,Las Vegas,1003,2,2,265888,1243,2006,20,1,,39,awesome
2683421,Las Vegas,1003,3,4,290000,2002,1997,10,1,,41,awesome
2683420,Las Vegas,1003,2,3,415000,2161,2003,10,1,,42,awesome
2683419,Las Vegas,1003,3,5,499999,4106,1984,10,1,,48,awesome
2683418,North Las Vegas,1003,2,2,338888,1677,2011,10,1,,47,awesome
2683415,Las Vegas,1003,3,5,2250,2291,1995,10,2,,33,awesome
2683408,Las Vegas,1003,3,4,429900,2678,2003,10,1,,49,awesome
2683406,Las Vegas,1003,4,3,4000,3586,2007,10,2,,50,awesome
2683405,Las Vegas,1003,2,3,315000,1268,1995,10,1,,33,awesome
2683404,North Las Vegas,1003,3,3,249950,1596,2000,10,1,,35,awesome
2683402,Las Vegas,1003,4,5,599000,4522,2012,10,1,,45,awesome
2683401,Pioche,1003,2,3,395000,2072,2015,10,1,,31,awesome
2683399,Pahrump,1003,6,3,378000,4801,2005,10,1,,35,awesome
2683397,Pahrump,1003,2,3,208000,1304,1998,10,1,,35,awesome
2683396,Pahrump,1003,3,4,269900,2078,2007,10,1,,32,awesome
2683394,Pahrump,1003,2,3,227000,1591,2008,10,1,,45,awesome
2683393,Pahrump,1003,3,4,249500,2060,1994,120,1,,43,awesome
2683392,Other,1003,3,4,1800,1882,2003,10,2,,47,awesome
2683391,Las Vegas,1003,2,4,2500,1533,1976,10,2,,33,awesome
2683389,North Las Vegas,1003,3,4,299900,1987,1995,10,1,,42,awesome
2683388,Las Vegas,1003,2,4,2200,1337,1972,10,2,,32,awesome
2683386,Las Vegas,1003,2,3,1795,1273,1999,10,2,,35,awesome
2683384,Henderson,1003,3,5,415000,2869,1994,10,1,,41,awesome
2683377,Pahrump,1003,2,3,238900,1738,2004,10,1,,33,awesome
2683374,Las Vegas,1003,3,3,435000,2519,2014,10,1,,36,awesome
2683371,Las Vegas,1003,3,3,399999,2061,2015,10,1,,34,awesome
2683370,Las Vegas,1003,3,4,278888,1869,1983,10,1,,41,awesome
2683366,Henderson,1003,4,4,1875,2044,2017,10,2,,47,awesome
2683360,Henderson,1003,3,3,338800,1835,2015,10,1,,50,awesome
2683343,Las Vegas,1003,3,4,499900,3704,2005,10,1,,50,awesome
2683342,Henderson,1003,4,4,749000,3623,2006,10,1,,41,awesome
2652732,Jupiter,1001,2,2,579000,1910,2008,10,1,2,36,awesome
2652725,Rosemount,1004,3,3,279900,2075,1959,10,1,2,42,awesome
2651253,Lucas,1005,3,4,4395,3545,2018,10,2,3,33,awesome
2651251,Prosper,1005,3,4,3700,3216,2017,10,2,3,31,awesome
2651249,Prosper,1005,3,4,3880,3401,2018,10,2,3,30,awesome
2651248,Lucas,1005,4,4,4695,3777,2017,10,2,3,30,awesome
2651247,Lucas,1005,4,4,5195,4101,2017,10,2,3,33,awesome
2651246,Lucas,1005,4,4,4650,4041,2018,10,2,3,31,awesome
2651232,Pottsboro,1005,3,4,265000,2285,1975,10,1,0,30,awesome
2651224,Lewisville,1005,4,4,509000,3568,2009,10,1,2,36,awesome
2651210,Allen,1005,3,4,2800,2609,2019,10,2,2,35,awesome
2651188,Sanger,1005,3,4,350000,2297,1999,10,1,8,34,awesome
2651178,Richardson,1005,1,2,1000,942,1962,30,2,1,30,awesome
2648579,Lewiston,1006,3,4,350000,3504,1987,10,1,,34,awesome
2622673,Lutz,1001,2,3,299900,2341,1998,10,1,3,28,awesome
2574950,St Petersburg,1001,1,2,175000,860,1965,10,1,1,28,awesome
2518922,Shirley,1007,1,2,95000,,1960,10,1,,6,good
2517212,Sarasota,1001,2,3,345000,2161,1995,50,1,2,32,awesome
2511861,Marina Del Rey,1008,3,2,1739000,1481,2003,20,1,,54,awesome
2511356,Little Rock,1009,2,3,149500,1605,1964,50,1,,28,awesome
2497391,ST JOHNS,1001,3,3,195000,1607,2005,70,1,,29,awesome
2494148,Las Vegas,1003,3,3,285000,1634,2007,10,1,,29,awesome
2489057,Jeffersonville,1010,3,3,162900,1584,2005,10,1,2,35,awesome
2488871,Derby,1011,2,4,119900,1779,1955,10,1,,29,awesome
2484630,SOUTH PASADENA,1001,0,0,349000,3172,1954,30,1,1,50,awesome
2484416,SEMINOLE,1001,2,3,98499,1125,1978,20,1,,34,awesome
2482157,Frisco,1005,4,5,712000,4747,2014,10,1,3,29,awesome
2481054,Dry Ridge,1012,3,3,164900,1693,,10,1,2,30,awesome
2480477,JACKSONVILLE,1001,2,3,199900,1395,1976,10,1,,29,awesome
2476919,TAMPA,1001,5,6,675000,4421,1992,10,1,3,50,awesome
2471559,Cicero,1007,1,4,125000,1188,1947,10,1,,29,awesome
2470843,Henderson,1003,3,6,469900,3466,1994,10,1,,50,awesome
2470058,Atlanta,1013,1,1,340000,0,2002,20,1,,29,awesome
2468320,Fresno,1008,3,3,314900,1821,2014,10,1,2,30,awesome
2466710,Huntersville,1014,3,4,310000,2443,2008,10,1,2,31,awesome
2464966,College Station,1005,3,3,279500,2031,2009,10,1,,32,awesome
2464247,Gilbert,1015,5,7,575000,4710,2013,10,1,,72,awesome
2464222,Avondale,1015,2,4,322900,1821,1998,10,1,,46,awesome
2463941,Surprise,1015,2,4,230000,1825,2003,10,1,,47,awesome
2463842,Mesa,1015,2,3,325000,1943,1977,10,1,,46,awesome
2434931,Fort Atkinson,1033,4,4,369900,3516,2000,10,1,2,0,bad
2434072,New York,1007,1,1,3200,,1961,20,2,,0,bad
2434068,Queens,1007,2,2,1235000,,2018,20,1,,0,bad
2432559,IRMO,1031,0,0,93280,0,,90,1,0,0,bad
2432540,New York,1007,2,2,2800,0,,50,2,0,0,bad
2432172,Lewisville,1005,3,4,327500,3088,1989,10,1,4,0,bad
2424979,Casa Grande,1015,2,4,204900,1972,2008,10,1,,57,awesome
2411657,Charlotte,1014,3,2,145000,1092,1998,90,1,2,29,awesome
2405895,Bellevue,1040,2,3,140000,1414,1962,10,1,1,29,awesome
2385136,Brooklyn,1007,2,3,4996,,1951,60,2,,10,good
2378144,Garland,1005,2,3,1295,1106,1969,10,2,2,0,bad
2378043,Haslet,1005,4,5,450000,2997,2002,10,1,3,35,awesome
2373303,CHANNAHON,1022,2,3,155000,,2018,110,1,2,9,good
2371048,Bayside,1007,3,3,3300,,,10,2,,9,good
2368306,LAKELAND,1001,2,2,146900,1392,1997,70,1,1,29,awesome
2367630,Macon,1013,2,3,12000,,1960,10,1,,0,bad
2365863,Medley,1001,3,4,400900,2546,2014,70,1,1,29,awesome
2363857,Lake Havasu City,1015,3,3,279000,1302,1997,10,1,,29,awesome
2356716,Statesboro,1013,1,2,450,0,1980,60,2,,9,good
2351591,Palm Springs,1008,2,2,299500,1333,2004,20,1,,29,awesome
2332568,Henrico,1036,2,3,210000,1188,1983,10,1,,29,awesome
2322354,De Pere,1033,2,3,159900,1698,1953,10,1,,10,good
2312772,Paxton,1039,2,3,310000,1620,2005,10,1,4,30,awesome
2304721,Candor,1007,3,4,139500,3054,1910,10,1,1,30,awesome
2304609,Independence,1000,3,3,145000,1132,1986,10,1,2,43,awesome
2304605,Kansas City,1000,1,3,239500,1233,1923,10,1,1,35,awesome
2304544,Shawnee,1011,4,4,257500,2021,2000,10,1,2,30,awesome
2302722,Gainesville,1001,2,3,329000,2057,2006,10,1,2,29,awesome
2301778,Louisville,1012,2,3,179900,1160,1954,10,1,,29,awesome
2296899,Henrico,1036,3,3,424950,2448,1956,10,1,,29,awesome
2295988,Cedar Rapids,1034,3,3,189900,2332,1999,50,1,,28,awesome
2292986,Cape Canaveral,1001,2,3,238700,1562,2004,50,1,,0,bad
2250102,Phoenix,1015,2,3,1695,1412,2003,60,2,,12,good
2232782,Beaverton,1044,4,3,385000,1656,1992,10,1,,29,awesome
2232711,Redmond,1044,3,3,595000,1779,1992,10,1,,29,awesome
2227521,PORT CHARLOTTE,1001,2,2,49500,1203,1961,10,1,2,29,awesome
2221403,Silverhill,1002,4,3,409900,2909,2004,10,1,,35,awesome
2221037,Scottsdale,1015,2,2,1800,954,1986,70,2,,50,awesome
2219268,Fort Lauderdale,1001,1,1,1000,,1957,30,2,,0,bad
2218395,New York,1007,1,1,1150000,,1987,20,1,,11,good
2217933,Redford,1027,1,2,89000,932,1941,10,1,,11,good
2214893,Lockport,1022,1,2,1000,0,1957,90,2,1,11,good
2214457,College Point,1007,3,4,3400,,2014,60,2,,11,good
2213178,Eustis,1001,2,3,150000,1174,1999,10,1,1,11,good
2213103,Sayreville,1032,2,5,324500,,1950,10,1,,11,good
2210925,Mt Washington,1012,3,4,210000,2283,2001,10,1,2,29,awesome
2210646,Eight Mile,1002,2,3,98800,1300,1981,10,1,,12,good
2200312,Palmdale,1008,2,2,70000,1248,1982,110,1,,0,bad
2192619,Springfield,1044,1,3,210000,1122,1978,10,1,,6,good
2191629,Bronx,1007,1,1,172500,650,1942,130,1,0,0,bad
2184881,Pegram,1035,2,3,374900,2150,1996,10,1,2,29,awesome
2183953,Jackson,1032,2,2,359800,2044,2004,10,1,,0,bad
2183708,TEMPLE TERRACE,1001,2,3,134900,1600,1977,70,1,,29,awesome
2182966,Bronx,1007,1,1,2350,750,,60,2,0,8,good
2182634,Euless,1005,3,5,299900,3372,1967,10,1,2,8,good
2175040,Fresno,1008,2,2,136400,1293,1952,10,1,0,6,good
2169894,Brock,1005,2,4,1725,1713,2018,20,1,0,0,bad
2168789,RIVERVIEW,1001,2,3,155000,1450,2010,120,1,,8,good
2168270,Oconomowoc,1033,2,3,2500,,,10,2,,8,good
2151664,Torrance,1008,2,3,2289,,1962,20,2,0,7,good
2147879,Yaphank,1007,2,4,2900,2000,2005,10,2,0,9,good
2135883,Crete,1040,0,0,79900,1014,1922,10,1,2,29,awesome
2132174,BROADWAY,1014,3,3,1150,,,50,2,2,8,good
2127363,Norman,1019,3,4,190000,1989,1979,10,1,,29,awesome
2123677,MIDDLETOWN,1046,3,3,335990,,2018,10,1,,8,good
2122886,"JC, Bergen-Lafayett",1032,2,2,2200,,,90,2,,10,good
2116136,Detroit,1027,1,3,7500,2054,1928,10,1,,1,bad
2114532,Port Angeles,1037,1,1,125000,476,1935,10,1,,15,good
2111650,LAKE IN THE HILLS,1022,3,4,309900,2975,1999,10,1,3,29,awesome
2111283,Flushing,1007,3,4,965000,,1955,10,1,,15,good
2111268,Flushing,1007,1,1,790000,851,2013,20,1,,14,good
2102895,Dubuque,1034,2,0,4000,,1900,50,2,0,12,good
2102145,Conway,1031,2,3,215334,,2019,10,1,4,15,good
2102054,Pine Bluff,1009,2,3,30000,1152,2003,10,1,2,12,good
2102050,Little Rock,1009,2,3,1025,1310,1974,20,2,1,12,good
2101755,Santa Rosa,1008,2,3,210000,0,2014,110,1,3,15,good
2101752,Bakersfield,1008,2,3,165900,1614,1948,10,1,,15,good
2095793,New Bern,1014,2,2,255185,1796,2019,10,1,,16,good
2095757,New York,1007,1,2,2100,,,60,2,,7,good
2094698,Dix Hills,1007,3,5,749000,0,1979,10,1,2,18,good
2094273,Plymouth,1010,4,5,264000,3382,1958,10,1,2,16,good
2094247,NAPLES,1001,2,3,1195000,1568,1967,10,1,2,16,good
2092860,Memphis,1035,2,3,64000,,1970,10,1,1,16,good
2081154,Brooklyn,1007,1,2,2500,,,60,2,,7,good
2075552,Stratford,1007,1,3,9075,1453,,10,1,0,0,bad
2073277,Saginaw,1005,2,4,200000,1744,1999,10,1,2,36,awesome
2064438,WINDERMERE,1001,3,4,540000,2738,1995,10,1,3,29,awesome
2061023,ELLICOTT CITY,1047,1,2,1250,,2017,50,1,,0,bad
2049543,Henrico,1036,2,3,159900,1120,1980,10,1,,29,awesome
2047458,Shelby,1014,2,3,139500,,1962,10,1,,16,good
2044964,Phoenix,1015,2,3,347500,1540,1996,10,1,,29,awesome
2043395,Glendale,1008,2,2,2395,1150,1962,20,2,1,0,bad
2035084,Chicago,1022,1,3,185000,1103,1954,10,1,2,21,good
2034884,Manhasset Hills,1007,3,4,975000,2216,1963,10,1,,20,good
2034251,SEMINOLE,1001,3,3,340000,2088,2006,70,1,2,39,awesome
2034220,TAMPA,1001,2,3,235000,1482,1992,10,1,2,30,awesome
2033981,ORLANDO,1001,2,3,420000,2455,1979,10,1,2,31,awesome
2032015,Palm Coast,1001,2,3,199900,1716,1982,10,1,2,33,awesome
2031580,Chesterfield,1036,2,3,239900,1712,1974,10,1,,39,awesome
2024821,Colorado Springs,1045,2,4,1395,1821,1972,10,2,1,35,awesome
2024533,PALM HARBOR,1001,2,2,141900,1045,1993,20,1,1,32,awesome
2024512,HOLIDAY,1001,2,3,205600,1720,1987,10,1,2,45,awesome
2021519,JACKSONVILLE,1001,4,5,475000,2940,1993,10,1,,62,awesome
2019984,Beechhurst,1007,1,2,444888,,1954,130,1,1,20,good
2019840,St. James,1007,3,5,768000,,2002,10,1,,20,good
2019304,Lucedale,1020,2,3,144900,1368,1995,10,1,,42,awesome
2018852,HOLIDAY,1001,2,3,205600,1720,1987,10,1,2,45,awesome
2016506,London,1012,2,4,39900,1600,1987,120,1,,30,awesome
2016499,Frankfort,1012,2,2,179900,1799,,10,1,,32,awesome
2015495,Lafollette,1035,2,3,154900,1456,1983,10,1,1,20,good
2014972,Overland Park,1011,7,5,489500,6182,2000,10,1,3,46,awesome
2014208,Jenison,1027,3,3,209000,1912,1962,10,1,2,51,awesome
2012297,Placitas,1038,3,3,375000,2380,1995,10,1,2,43,awesome
2012293,Albuquerque,1038,4,5,480000,3711,1970,10,1,3,88,awesome
2005679,Bristol,1035,1,2,69900,918,1948,50,1,,11,good
1997481,Brooklyn,1007,1,1,270000,800,1930,60,1,0,10,good
1993007,WAUKEGAN,1022,1,3,1350,1277,1960,10,2,1,20,good
1992604,Libertyville,1022,2,4,349900,1245,1955,10,1,2,22,good
1981674,CAPE CORAL,1001,2,2,950,,1983,140,2,,8,good
1980695,Abbeville,1002,1,1,29000,576,2007,110,1,,8,good
1975063,Audubon,1034,1,2,57000,1020,1970,20,1,,20,good
1969135,Scranton,1026,1,5,74900,1980,1920,10,1,0,22,good
1962076,Hopkins,1027,2,3,150000,1603,1900,10,1,2,40,awesome
1960700,Statesville,1014,2,3,169000,1300,1996,10,1,2,29,awesome
1957414,Coon Rapids,1004,2,3,209900,1624,1961,10,1,1,29,awesome
1956124,Sayreville,1032,3,3,2200,0,1987,10,1,,0,bad
1955401,Pueblo,1045,1,2,109900,856,1952,10,1,1,22,good
1953870,Ellijay,1013,3,5,549900,,1889,10,1,,24,good
1953037,CHICAGO,1022,1,2,1700,1300,1910,90,2,,16,good
1952182,SARASOTA,1001,2,4,359900,1983,1984,10,1,2,43,awesome
1951882,SANFORD,1001,3,2,169500,1289,2007,70,1,1,7,good
1951851,Orlando,1001,2,4,1695,1981,2004,10,2,2,24,good
1951231,Bernards,1032,3,3,849000,,1958,10,1,2,22,good
1949255,Duryea,1026,1,3,89900,1850,,10,1,0,22,good
1949129,Knoxville,1035,1,2,129000,1473,1952,10,1,1,22,good
1948502,Baxter,1004,3,4,184900,2610,2004,70,1,2,34,awesome
1947239,Fayetteville,1014,2,3,104900,,1979,10,1,0,24,good
1946771,Niceville,1001,2,3,195000,1558,1980,10,1,2,29,awesome
1946440,Groton,1025,1,2,90250,1248,1974,20,1,,14,good
1944541,Elkins,1009,2,4,170000,1517,1995,10,1,,29,awesome
1938248,Portland,1044,3,4,665100,3356,1922,10,1,,32,awesome
1931841,Brooklyn,1007,1,2,1650,0,,60,2,0,0,bad
1931182,Forney,1005,2,3,1750,1830,2016,10,2,2,0,bad
1925737,Cerritos,1008,4,4,653000,1849,,20,1,,30,awesome
1921938,Palm Springs,1008,4,3,979000,2182,1955,10,1,,35,awesome
1918246,Rockland,1039,2,3,359900,1576,2005,70,1,2,29,awesome
1916927,Longboat Key,1001,2,2,549000,1503,1981,20,1,,25,good
1915363,Muncie,1010,2,4,9900,1832,1908,10,1,,2,bad
1910805,Sparta,1000,2,3,145500,1714,1992,10,1,2,30,awesome
1910044,Louisville,1012,3,4,380000,3999,1991,10,1,2,61,awesome
1909718,SPANISH FORT,1002,3,4,314900,2544,2011,10,1,,34,awesome
1909447,Marietta,1013,3,4,289000,2815,1989,10,1,,36,awesome
1909393,Powder Springs,1013,2,3,139900,1395,1969,10,1,,33,awesome
1909201,Newnan,1013,4,3,364900,2252,2015,10,1,,36,awesome
1909089,Rio Rancho,1038,2,3,168000,1610,2004,10,1,2,31,awesome
1907923,Campton,1012,2,3,30900,1075,1111,10,1,,23,good
1906606,Wildwood Crest,1032,3,4,514000,,2010,20,1,2,23,good
1906592,Wadesboro,1014,2,3,45000,2012,1930,10,1,,29,awesome
1900033,Sun City West,1015,3,2,220000,1438,1995,10,1,,29,awesome
1893190,JACKSONVILLE,1001,1,3,24999,1639,1949,10,1,,7,good
1892390,SPRING HILL,1001,1,2,99900,968,1977,10,1,,35,awesome
1863489,San Antonio,1005,2,3,1200,1083,2007,10,2,,16,good
1855909,SARASOTA,1001,2,2,147900,1197,1982,50,1,1,7,good
1853137,Jenison,1027,2,3,199900,2171,1966,10,1,2,29,awesome
1845663,Henderson,1003,2,3,215000,1330,2004,20,1,,29,awesome
1845647,Henderson,1003,2,3,1650,1034,1994,50,2,,29,awesome
1845278,McDonough,1013,3,4,214900,2200,1992,10,1,,31,awesome
1845268,Canton,1013,2,2,259900,0,2005,10,1,,36,awesome
1845262,Acworth,1013,5,5,450000,0,1993,10,1,,36,awesome
1843634,Bermuda Dunes,1008,3,3,319000,2280,1979,20,1,3,29,awesome
1843049,LIVERMORE,1008,2,3,760000,1200,1963,10,1,2,33,awesome
1829882,Los Angeles (City),1008,8,7,35000,6970,1949,10,2,9,35,awesome
1820742,Waterboro,1021,1,3,219000,,1973,10,1,,22,good
1819599,CLERMONT,1001,3,4,330000,2757,1995,10,1,3,29,awesome
1801836,Pikeville,1012,2,3,95000,1277,1988,10,1,,15,good
1788307,McDonough,1013,3,4,320500,3078,2016,10,1,,29,awesome
1784979,Seneca,1031,2,3,217900,,,10,1,,43,awesome
1784974,Anderson,1031,3,4,165000,,,10,1,,36,awesome
1784970,Anderson,1031,2,3,127500,,,10,1,,43,awesome
1784433,Kevil,1012,2,3,184900,2077,,10,1,3,29,good
1783731,Visalia,1008,3,3,395000,2623,2003,10,1,3,45,awesome
1783723,Visalia,1008,2,3,249900,1649,1996,10,1,3,30,awesome
1783244,Lyman,1031,2,4,194900,1999,2006,10,1,2,33,awesome
1782074,Enfield,1014,2,4,74500,1925,1930,10,1,,28,awesome
1781834,Vancouver,1037,3,4,369900,2103,1987,10,1,,32,awesome
1775495,ELGIN,1022,0,4,189900,,,30,1,,10,good
1772303,Miami,1001,2,2,3400,,2007,20,2,1,16,good
1771016,Kansas City,1000,3,3,185000,,1989,10,1,2,29,awesome
1769619,Atlanta,1013,2,4,375000,0,1955,10,1,,36,good
1765880,Lake Havasu City,1015,2,3,224900,1176,1980,10,1,,38,awesome
1763082,Myrtle Beach,1031,3,3,2200,,2017,50,2,,36,good
1754430,ST PETERSBURG,1001,2,2,210000,1148,1955,10,1,1,29,awesome
1754329,Yukon,1019,3,4,259000,2280,2011,10,1,,29,awesome
1752268,ST PETERSBURG,1001,2,2,210000,1148,1955,10,1,1,29,awesome
1749576,Fort Walton Beach,1001,2,3,1250,1339,2004,70,2,2,11,good
1746978,Topeka,1011,3,3,215000,2159,1988,10,1,,29,awesome
1741663,Eastlake,1018,2,3,154900,,1954,10,1,2,16,good
1741090,Big Bear,1008,2,2,279000,1112,1981,10,1,0,20,good
1740192,Merrick,1007,4,4,622500,2240,1949,10,1,,16,good
1737788,LEXINGTON PARK,1047,3,4,1575,,1989,10,1,,0,bad
1732958,Charlotte,1014,5,5,600000,5509,1988,10,1,2,34,good
1732693,Los Angeles (City),1008,3,3,4995,1825,1924,10,2,2,23,good
1729981,Max Meadows,1036,2,3,199900,1848,1990,10,1,1,36,good
1728452,Newport News,1036,1,3,160000,1028,1955,10,1,,31,good
1722102,Miami,1001,2,3,1750,,1977,70,2,0,26,good
1721770,BALTIMORE,1047,3,3,210000,,1860,70,1,,38,good
1719412,El Paso,1005,3,3,995,1539,,50,2,,15,good
1719408,El Paso,1005,1,2,76000,881,1951,10,1,,15,good
1718807,Decatur,1013,3,3,145000,0,1987,10,1,,29,awesome
1717851,Mt. Vernon,1022,2,3,54500,1513,1920,10,1,,55,awesome
1716717,Galena,1018,4,4,349900,3706,2008,10,1,2,41,good
1716382,Sherwood,1009,3,4,249900,2825,2002,10,1,2,36,good
1716368,Crane Hill,1002,3,3,499900,1856,,90,1,4,36,good
1715320,Gaylord,1027,2,3,81500,1920,1989,10,1,0,56,good
1715264,Salem,1044,2,3,322000,1648,2007,10,1,2,35,good
1714338,Plain City,1048,4,5,399900,3538,2006,10,1,4,35,good
1714327,Alta,1048,3,4,3900000,3076,1993,10,1,,45,good
1712580,Cumberland,1049,4,5,289900,5078,1940,50,1,8,38,awesome
1710876,Salina,1011,3,3,219900,2368,1997,10,1,,30,good
1710858,Sumter,1031,2,3,172000,1893,1998,10,1,2,30,good
1707204,Chippewa Falls,1033,1,2,80000,768,1920,10,1,,7,good
1705998,TAMPA,1001,2,4,399999,2008,2000,10,1,2,50,awesome
1699289,Richmond,1021,2,3,237500,2160,1820,10,1,,35,awesome
1696423,THE VILLAGES,1001,2,3,239000,1490,2004,10,1,2,50,awesome
1695316,Dundee,1027,2,3,235000,1600,1978,10,1,,34,awesome
1693196,Great Falls,1036,9,7,1999999,,1988,10,1,,30,good
1693163,Mclean,1036,5,4,972000,,1973,10,1,,31,good
1692810,RESTON,1036,5,5,879000,,1988,10,1,,29,awesome
1691728,Miami,1001,3,2,1800,1206,2003,20,1,,30,good
1690631,Hoboken,1032,2,2,3600,1121,,50,2,1,15,good
1690060,Springfield,1000,3,3,159900,2300,1976,10,1,2,23,good
1689239,Henderson,1003,4,3,545000,2368,2006,10,1,,39,good
1688804,El Paso,1005,2,3,1195,1813,,50,2,,22,good
1684558,Columbus,1018,3,2,149900,1248,1985,20,1,1,28,awesome
1679791,FORT MYERS,1001,2,3,343900,1798,2005,10,1,2,20,good
1679717,Dallas,1013,4,5,330000,3346,2008,10,1,,24,good
1674317,Canton,1027,2,2,1650,1730,2002,20,2,,8,good
1654337,Hialeah,1001,2,4,2275,,1988,10,2,0,23,good
1644725,Max Meadows,1036,3,3,99900,1584,1985,120,1,0,27,good
1644384,Gold Hill,1044,0,0,350000,1782,,50,1,0,35,awesome
1643731,Staten Island,1007,3,3,2700,2200,,60,2,,27,good
1642593,Kelso,1037,3,4,279500,2167,1955,10,1,,22,good
1642496,Vancouver,1037,3,5,339900,2114,1995,10,1,,29,good
1639184,CLEARWATER,1001,2,2,174900,1353,1957,10,1,1,40,awesome
1639155,TAMPA,1001,1,2,279900,1244,1950,10,1,,33,awesome
1636675,Claremore,1019,2,3,153900,1509,2005,10,1,2,22,good
1635789,JACKSONVILLE,1001,2,3,124900,1250,2005,20,1,,17,good
1615338,Indianapolis,1010,3,5,159900,2192,1995,10,1,2,19,good
1604141,Las Vegas,1003,2,3,205000,1377,2002,10,1,,29,awesome
1601692,Gastonia,1014,2,3,142900,1158,1980,10,1,1,14,good
1590699,Stillwater,1019,2,4,214900,2148,2005,10,1,2,17,good
1577588,Omaha,1040,2,3,94900,1725,1972,10,1,2,13,good
1574787,Burleson,1005,2,3,194900,1681,1971,10,1,0,29,awesome
1569493,JACKSONVILLE,1001,2,3,1375,1623,2006,20,2,2,17,good
1568418,Los Alamitos,1008,3,4,1050000,3023,1969,10,1,2,67,good
1566094,CHICAGO,1022,3,3,2300,0,1993,10,2,2,29,awesome
1564361,Yorkville,1022,2,4,124900,1664,1876,10,1,1,32,good
1562743,Worcester,1039,2,4,299900,1980,1973,10,1,4,29,awesome
1559175,DAVENPORT,1001,2,3,214900,1782,2005,10,1,2,16,good
1552087,WASHINGTON,1050,2,2,3100,,1951,20,2,,28,awesome
1552078,POTOMAC,1047,4,5,3900,,1971,10,2,,28,awesome
1552070,BALTIMORE,1047,3,4,220000,,1955,10,1,,28,awesome
1552044,WASHINGTON,1050,3,2,2600,,1987,70,2,,28,awesome
1551926,POTOMAC,1047,3,4,845000,,1970,10,1,,28,awesome
1551728,BALTIMORE,1047,2,3,214900,,1940,10,1,,28,awesome
1544385,North Plainfield Boro,1032,1,3,1700,,1900,90,2,,8,good
1543795,East Orange City,1032,1,2,950,,1925,90,2,,8,good
1537705,Albuquerque,1038,3,3,189500,1440,1998,10,1,2,19,good
1537534,Grovetown,1013,2,4,165000,1791,1999,10,1,,21,good
1536926,NORTH FORT MYERS,1001,3,3,330000,2611,2014,10,1,2,21,good
1533257,Bridgeport,1022,3,3,140000,2280,2010,50,1,,29,awesome
1530471,West Columbia,1031,2,3,139900,1302,1968,10,1,,29,awesome
1529503,Charlotte,1014,2,3,299900,1007,1958,10,1,,29,good
1526465,Hixson,1035,2,3,159900,1626,1960,10,1,,24,good
1525138,Calera,1002,2,4,169900,,2006,10,1,,36,good
1522200,Scottsdale,1015,2,3,3500,1645,1994,70,2,,41,good
1521878,Chandler,1015,3,4,585000,3192,2007,10,1,,37,good
1521479,Sun City,1015,2,4,260000,2041,2007,10,1,,34,good
1521318,Phoenix,1015,3,4,619900,2489,1969,10,1,,42,good
1521021,North Augusta,1031,4,3,399900,2700,2017,10,1,2,37,good
1520844,Hereford,1015,2,3,186000,1860,1989,10,1,2,39,good
1516114,Akron,1018,1,3,74900,1008,1947,10,1,0,19,good
1513429,Sea Isle City,1032,1,2,625000,,,10,1,,24,good
1510247,Charleston,1031,2,4,625000,1850,1930,30,1,,15,good
1509515,Logan,1018,1,3,113900,1480,,10,1,0,15,good
1502569,Suffolk,1036,3,4,249900,2100,2018,10,1,,26,good
1498916,Colonie,1007,0,0,500,0,,10,1,0,0,bad
1492519,Leakesville,1020,2,3,110000,1675,1983,10,1,,42,good
1472711,Healdton,1019,2,3,48000,1169,1948,10,1,3,19,good
1466659,Dale,1033,1,2,105000,1260,1920,10,1,,20,good
1451222,Lynchburg,1036,3,3,129900,1280,1987,70,1,,28,awesome
1449737,ANNAPOLIS,1047,2,2,234900,,1998,20,1,,28,awesome
1439269,Coolidge,1015,1,4,109900,1300,1951,10,1,,1,bad
1435568,FAYETTEVILLE,1014,2,2,625,,,20,2,,8,good
1425096,Boca Raton,1001,2,3,499000,1779,1980,50,1,2,7,good
1417696,Gruver,1005,4,4,290000,3410,1982,10,1,3,17,good
1407177,Allen,1026,2,3,259900,1490,2000,10,1,2,30,awesome
1403831,Ithaca,1007,0,0,795000,,,50,1,2,9,good
1393029,Fairfield Bay,1009,2,3,264900,1874,1992,10,1,2,40,awesome
1391129,Glendale,1015,2,2,1000,864,1984,90,2,,7,good
1388735,Springfield,1018,3,4,199000,1460,1950,50,1,,55,good
1384804,St George,1048,3,3,540000,2956,1993,10,1,2,23,good
1379815,Greensboro,1014,1,3,229900,,1926,10,1,1,30,awesome
1379810,Greensboro,1014,3,4,279900,,1997,10,1,2,30,awesome
1379418,Kernersville,1014,3,4,174900,,1999,10,1,2,30,awesome
1379345,North Topsail Beach,1014,4,3,350000,1407,1980,10,1,,50,awesome
1379211,Lemoore,1008,2,5,279700,1915,1974,10,1,,57,awesome
1379054,TALLAHASSEE,1001,2,3,220000,2502,1983,10,1,3,36,awesome
1378910,TALLAHASSEE,1001,5,4,575000,2881,1993,10,1,2,36,good
1378845,CRAWFORDVILLE,1001,2,3,249900,1786,1972,50,1,2,33,awesome
1378436,Tucson,1015,4,4,399995,2846,2015,10,1,2,32,awesome
1378401,Tucson,1015,3,3,175000,1629,2004,10,1,2,41,awesome
1378236,Vail,1015,2,4,214999,1873,2003,10,1,2,42,awesome
1378132,Oro Valley,1015,2,4,324900,2308,1990,10,1,2,37,awesome
1378101,Sierra Vista,1015,2,3,205600,1504,2008,10,1,2,41,awesome
1378096,Sahuarita,1015,2,4,269900,1944,1998,10,1,2,44,awesome
1377026,Providence,1049,1,2,925,940,1900,60,2,,7,good
1372735,Wimberley,1005,12,4,724900,3068,2006,10,1,,45,awesome
1372683,Brigantine,1032,1,1,1100,,,60,2,,7,good
1367654,Spokane,1037,3,4,369900,3048,1958,10,1,,20,good
1357357,Queens,1007,1,0,1985,,2018,60,2,,7,good
1357160,Brooklyn,1007,1,1,2300,,2007,20,2,,7,good
1356516,New York,1007,1,2,2695,,,60,2,,7,good
1354076,New York,1007,1,1,4100,0,1983,60,2,,11,good
1338858,Ocala,1001,2,2,64900,1036,1984,20,1,,15,good
1328672,Denton,1005,3,4,1695,2312,2018,10,2,2,20,good
1328226,Rowlett,1005,3,3,2310,2692,2000,10,2,2,21,good
1318321,ST AUGUSTINE,1001,2,3,349900,1705,1988,10,1,,42,awesome
1318159,ORANGE PARK,1001,2,4,208000,1927,2005,10,1,,30,awesome
1318131,ORANGE PARK,1001,3,4,270000,2640,2010,10,1,,91,awesome
1317863,JACKSONVILLE,1001,1,1,775,750,1942,140,2,1,7,good
1316966,Flagstaff,1015,3,3,374000,1932,2006,70,1,2,30,awesome
1315417,Morro Bay,1008,0,0,489000,,1953,50,1,4,30,awesome
1313624,Falmouth,1021,3,4,519000,3600,2004,10,1,,35,awesome
1313035,Sanford,1021,2,3,219000,1166,1980,10,1,,30,awesome
1312210,Richmond,1021,2,3,287900,2205,1800,10,1,,35,awesome
1311913,Deer Isle,1021,5,3,230000,3434,1890,10,1,,34,awesome
1311191,Scarborough,1021,2,3,255000,1335,1972,10,1,,35,awesome
1310934,Newfield,1021,2,3,189900,1492,1989,10,1,,33,awesome
1308456,WORTH,1022,1,2,79900,800,,20,1,2,18,good
1308347,CHICAGO,1022,4,4,749000,0,1893,10,1,2,31,awesome
1307848,NAPERVILLE,1022,3,4,405000,2340,1988,10,1,2,31,awesome
1306327,CHICAGO,1022,0,5,355000,,1886,30,1,2,36,awesome
1306309,EAST DUNDEE,1022,3,3,304888,2850,1956,10,1,2,35,awesome
1306031,PALATINE,1022,1,2,124900,1064,1973,20,1,1,37,awesome
1306025,POSEN,1022,2,3,189900,0,2002,10,1,4,35,awesome
1305005,SKOKIE,1022,2,3,2100,1809,1956,10,2,1,28,awesome
1304736,Toms River,1032,2,3,214900,1756,1955,10,1,,28,awesome
1304438,Red Bank,1032,1,1,1500,,1976,50,2,0,28,awesome
1302769,Barrington,1049,3,3,499900,2665,2003,90,1,4,28,awesome
1301485,New Hyde Park,1007,3,6,769000,,1952,10,1,,20,good
1297461,Lincoln,1040,1,2,135900,1038,2004,70,1,2,28,awesome
1294686,SANFORD,1001,2,3,179000,1444,1984,10,1,1,9,good
1294674,ORLANDO,1001,3,4,639900,2834,1958,10,1,,28,awesome
1292775,ST PETERSBURG,1001,2,3,180000,1626,1970,10,1,2,28,awesome
1292764,ST PETERSBURG,1001,2,3,384500,1516,1979,10,1,2,28,awesome
1291505,LAKELAND,1001,2,3,149900,1523,1954,10,1,,28,awesome
1290412,DADE CITY,1001,3,4,199900,1891,2009,10,1,2,28,awesome
1285494,St Louis,1000,1,2,23000,850,1944,10,1,1,24,good
1280664,North Whitehall,1026,3,4,364900,3050,1986,10,1,3,43,awesome
1280288,Lower Macungie,1026,2,4,260000,1948,1964,10,1,2,50,awesome
1279603,Virginia Beach,1036,13,4,1550,,1986,10,2,,28,awesome
1279291,MANASSAS,1036,3,3,285000,,1974,70,1,,28,awesome
1273087,Austin,1005,0,0,200000,2014,1981,30,1,,11,good
1262477,Spring Hill,1001,1,2,995,1352,1980,50,2,2,9,good
1256177,Las Vegas,1003,2,3,353999,1658,2004,10,1,,29,good
1251383,Baton Rouge,1016,2,4,220000,2250,,10,1,,26,good
1238797,MONTGOMERY,1002,1,2,9000,764,1948,50,1,,0,bad
1232321,Rotterdam,1007,2,5,62400,2080,,30,1,3,19,good
1230809,Charlotte,1014,3,4,308000,2738,2016,10,1,2,25,good
1227798,Coachella,1008,2,4,294900,2142,2005,10,1,,23,good
1224382,Delaware,1018,2,2,129900,1120,1901,10,1,1,16,good
1223766,Corpus Christi,1005,3,4,224900,2210,2003,10,1,4,31,awesome
1223348,North Myrtle Beach,1031,3,3,303900,,2002,20,1,,38,awesome
1219662,Orchard Park,1007,3,4,539900,3278,2018,10,1,,15,good
1218441,MIROMAR LAKES,1001,4,3,1840000,2729,2018,10,1,3,15,good
1202623,Preston,1004,1,3,139900,2344,1927,10,1,2,20,good
1201556,Vista,1008,3,3,519000,2086,1987,10,1,4,25,good
1199259,Boynton Beach,1001,2,5,184900,1440,1961,10,1,,1,bad
1198559,Hampton,1036,1,2,50000,734,1986,90,1,,14,good
1196264,Rockwood,1035,1,2,65000,1148,1900,10,1,0,14,good
1177154,Lafayette,1010,2,3,120000,1360,2000,20,1,2,14,good
1163783,Henrico,1036,5,5,519950,4304,2007,10,1,,50,good
1163202,Goose Creek,1031,3,4,259000,2635,1993,10,1,2,0,bad
1159173,BIRMINGHAM,1002,1,3,49000,,1937,10,1,,1,bad
1157304,Goodyear,1015,3,3,324950,2207,1995,10,1,,0,bad
1145855,Allentown,1032,5,5,764900,5253,2004,10,1,,0,bad
1143517,Jamaica,1007,0,0,2050,0,,60,2,0,0,bad
1143076,Jonesboro,1005,3,2,1203331,1500,2006,100,1,2,0,bad
1131697,Yankton,1051,2,3,294900,,2018,10,1,1002,0,bad
1131084,River Edge,1032,3,3,3500,0,1990,70,2,1,0,bad
1128664,Elizabeth City,1032,5,6,559000,,2018,50,1,3,0,bad
1126669,Chesnee,1031,2,3,222500,,,10,1,2,1,bad
1125912,Kathleen,1013,4,5,355962,2895,2018,10,1,,0,bad
1122738,Douglas,1013,2,3,115000,2257,,10,1,,18,good
1119662,HALLSVILLE,1000,3,5,499900,3774,2018,10,1,,36,good
1119490,Pikeville,1035,2,1,144900,1356,2012,10,1,2,42,good
1118239,Vacaville,1008,3,3,459000,1933,2008,10,1,2,48,good
1116734,Aiken,1031,0,0,2500,7592,,50,2,,1,bad
1113266,Bayam√≥n,1041,1,3,55000,848,1955,10,1,1,12,good
1112889,Smithville,1005,2,3,129900,1004,1951,10,1,,0,bad
1109697,Iron River,1033,2,2,114900,864,1950,10,1,,13,good
1109260,Warren,1032,4,3,3400,0,,10,1,,0,bad
1108100,Elmhurst,1007,3,3,899000,0,1935,90,1,1,0,bad
1106614,Groesbeck,1005,2,2,69900,1368,1933,10,1,0,0,bad
1103262,Trenton,1032,2,4,125000,,1892,10,1,,0,bad
1099407,Bethlehem,1026,3,4,324900,1720,1968,10,1,2,24,good
1097799,Lake Forest Park,1037,3,4,575000,1910,1963,10,1,,24,good
1097530,Miami Beach,1001,2,1,1600,792,1968,20,2,1,18,good
1097339,Cromwell,1010,3,4,239900,3024,1999,10,1,2,24,good
1097111,Loveland,1045,2,4,299000,1728,1971,10,1,,24,good
1096361,Tyler,1005,2,4,175000,2312,1950,10,1,2,24,good
1096239,Bloomingdale Boro,1032,2,4,269000,,1974,10,1,6,22,good
1092657,PARKERSBURG,1029,2,3,29900,2077,1900,50,1,,0,bad
1090579,Liberty Twp,1018,4,4,299900,3247,,10,1,2,24,good
1088733,Maricopa,1015,2,4,1095,1860,2006,10,2,,9,good
1088524,Chandler,1015,2,2,135000,920,1991,50,1,,22,good
1088150,Rogers,1009,3,4,248900,2174,2005,10,1,,27,good
1082685,Murrieta,1008,4,5,579999,3474,2013,10,1,2,64,good
1076859,Virginia Beach,1036,3,4,1850,2047,1987,10,2,,26,good
1076015,Nolensville,1035,5,4,609900,3850,2019,10,1,3,0,bad
1074452,New York,1007,5,4,16750000,8750,,10,1,,0,bad
1069147,Orlando,1001,2,2,29900,1430,1987,110,1,0,0,bad
1068861,Oceanside,1007,2,4,439000,0,1967,10,1,0,0,bad
1068395,Jamaica,1007,2,4,190000,1300,1925,10,1,0,0,bad
1068393,Bronx,1007,2,3,489000,1248,1940,10,1,0,0,bad
1067286,Denton,1005,1,3,159000,910,1978,10,1,1,0,bad
1066127,Colleyville,1005,6,4,5500,5393,2004,10,2,3,0,bad
1066126,Colleyville,1005,6,4,899000,5393,2004,10,1,3,0,bad
1049922,Williamstown,1012,0,0,624900,1348,,10,1,,0,bad
1048972,federal way,1037,2,3,317950,1340,1986,10,1,2,26,good
1048815,Acworth,1013,4,4,289000,3476,1995,10,1,,26,good
1036101,Grimes,1034,3,3,359500,1603,2018,10,1,,0,bad
1035410,Wausau,1033,0,0,299900,,,50,1,3,0,bad
1031635,Cheyenne,1030,3,4,257500,,2014,90,1,2,0,bad
1030684,Lancaster,1007,3,4,426000,2450,2018,10,1,,0,bad
1023817,Atlantic City,1032,1,0,750,264,,50,2,,1,bad
1023664,Florence,1002,2,4,55000,1648,1930,10,1,,1,bad
1018340,Plainfield,1032,0,0,499900,0,2018,10,1,,0,bad
1018323,Long Branch,1032,7,11,2999999,6100,1907,10,1,,0,bad
1017444,Joplin,1000,4,5,399900,6900,1980,10,1,6,1,bad
1017098,Fremont,1040,0,0,99999,,1922,50,1,,1,bad
1017021,Brooklyn,1007,1,2,560000,662,2017,20,1,0,1,bad
1017020,Brooklyn,1007,1,2,680000,834,2017,20,1,0,1,bad
1016812,Vero Beach,1001,2,3,82500,1368,2006,110,1,2,0,bad
1006073,Sanford,1014,0,0,202000,,,90,1,,1,bad
1005748,Klamath Falls,1044,1,2,120000,1091,1939,10,1,,1,bad
1004959,Independence,1000,3,4,306000,2851,,10,1,3,0,bad
1004764,Hon.,1043,0,0,999000,2403,1987,50,1,8,0,bad
1001661,Lagrange,1013,3,4,169900,2035,2006,10,1,,1,bad
1000207,LAKE LINDEN,1027,3,5,178000,2026,2007,50,1,,0,bad
1000110,San Francisco,1008,0,3,1395000,1667,1937,50,1,1,1,bad
993921,Ashland,1012,0,0,79900,,,10,1,,0,bad
993920,South Point,1018,0,0,149900,,,10,1,,0,bad
993233,North Sewickley Twp,1026,0,0,40000,,,10,1,,1,bad
992011,Valdosta,1013,6,6,275000,7800,1979,50,1,2,1,bad
991779,Rockwood,1035,1,3,40000,1036,1950,10,1,0,1,bad
991203,Greensboro,1014,3,4,260358,,2018,70,1,2,1,bad
990975,Pinedale,1030,1,3,160000,1020,1971,10,1,,10,good
990468,Donalsonville,1013,2,2,160000,1140,1971,10,1,3,1,bad
988779,Chase City,1036,1,3,39900,,1970,10,1,,1,bad
983301,Plant City,1001,1,1,775,725,1982,60,2,,1,bad
982351,Elkhorn,1040,0,5,519233,2936,2019,10,1,3,0,bad
982185,farrockaway,1007,0,3,2280,0,,50,2,0,0,bad
980113,Collinsville,1019,2,3,575000,1986,1974,10,1,1,0,bad
979884,Rindge,1042,3,3,329900,1840,2018,10,1,2,1,bad
979860,Derry,1042,3,3,524900,2911,,10,1,9,1,bad
977191,Patoka,1022,1,2,99000,1200,,10,1,4,1,bad
976289,LISLE,1022,2,2,80000,1100,1970,20,1,,1,bad
976097,Jackson,1032,1,2,113000,,1986,20,1,,0,bad
975909,Lakewood,1032,2,3,975000,,1975,10,1,,0,bad
975277,Jamaica,1007,1,3,649000,,1950,10,1,,1,bad
973708,PORT CHARLOTTE,1001,2,3,269900,1508,2019,10,1,3,1,bad
972861,LAKE MARY,1001,4,4,2050,2028,2006,70,2,2,28,good
971007,Jim Thorpe,1026,0,0,84900,,,50,1,,1,bad
970438,Petersburg,1036,1,3,94500,,1947,10,1,,1,bad
969912,Houston,1005,2,3,209000,1676,1965,10,1,,11,good
969519,Stockton,1008,0,0,358000,,,80,1,,1,bad
969210,Russellville,1012,2,3,169900,1505,2018,10,1,,1,bad
969161,BRAMPTON,1024,4,4,2450,,,90,2,,1,bad
969142,Charleston,1029,1,2,117500,1026,1970,50,1,,1,bad
968996,Oneida,1035,2,3,82500,1620,2001,110,1,4,1,bad
968766,Stella,1014,3,4,365000,2719,2018,10,1,,1,bad
965630,Las Vegas,1003,2,2,275000,1687,1994,10,1,,1,bad
964448,Richmond,1007,0,0,149900,4733,1900,50,1,,1,bad
964024,East Dublin,1013,1,3,17500,1404,1968,10,1,,1,bad
964023,East Dublin,1013,1,2,15000,750,1960,10,1,,1,bad
964022,East Dublin,1013,1,2,17500,750,1960,10,1,,1,bad
964021,East Dublin,1013,1,2,30000,864,1950,10,1,,1,bad
964020,East Dublin,1013,1,2,15000,940,1960,10,1,,1,bad
963522,Demorest,1013,3,3,216325,1855,2018,10,1,,1,bad
963023,CAPE CORAL,1001,2,3,238990,1864,2018,10,1,2,1,bad
963022,CAPE CORAL,1001,2,3,217990,1413,2018,10,1,2,1,bad
962959,Bonita Springs,1001,2,2,6500,1000,2003,20,1,1,1,bad
961879,Carthage,1014,2,3,115000,,1995,110,1,0,0,bad
961792,Fayetteville,1014,2,3,116000,,1983,10,1,1,0,bad
961664,TOA ALTA,1041,1,3,89900,922,1988,50,1,,0,bad
961618,BRAZIL,1010,2,3,67500,2270,1904,50,1,,0,bad
961057,Ankeny,1034,5,4,550000,3000,2019,10,1,,0,bad
960838,Dothan,1002,0,0,12500,99971,,50,2,,1,bad
959790,Cordova,1031,2,4,65000,1728,2001,50,1,,0,bad
959332,Charlotte,1014,2,2,249900,1494,1940,10,1,3,1,bad
958172,Shelby,1014,2,3,188000,,1960,10,1,,1,bad
957720,CULLMAN,1002,4,3,249900,1692,,90,1,3,1,bad
957454,Morris,1002,3,3,289900,,,10,1,,1,bad
941708,Yonkers,1007,3,6,599000,2640,1906,10,1,,11,good
934403,Whitehall,1027,3,3,280000,1600,2018,10,1,3,24,good
920633,Hesperia,1008,2,3,275000,1504,1985,10,1,6,1,bad
884442,Traverse City,1027,2,2,6500,1032,2006,20,1,1,8,bad
875887,Evansville,1010,1,2,99900,952,1952,10,1,2,17,good
841773,Osceola,1000,2,3,47900,1656,1910,10,1,1,11,good
834169,Flatonia,1005,2,3,199900,1134,2018,10,1,,0,bad
831235,Melbourne,1001,3,4,314900,1984,2006,10,1,,18,good
789938,Delray Beach,1001,6,4,565000,4310,2002,10,1,2,30,good
776574,Suffolk,1036,3,5,369900,3500,2004,10,1,,30,good
768970,Clarksville,1035,4,0,599000,8030,1983,50,1,,0,bad
767240,Murfreesboro,1035,3,3,319900,1976,2018,10,1,2,0,bad
766701,Hendersonville,1035,1,4,180000,1264,1961,10,1,,0,bad
765840,Chapel Hill,1035,3,4,343783,3000,2018,10,1,2,0,bad
765740,Nashville,1035,2,0,195000,900,1962,30,1,1,0,bad
765366,Greenbrier,1035,1,3,159900,1316,1960,10,1,1,0,bad
764784,New York,1007,3,3,1995000,1481,1989,60,1,,11,good
762426,Detroit,1027,2,2,25000,975,1938,10,1,,1,bad
760620,Southfield,1027,3,3,240000,2200,1958,10,1,,1,bad
751321,Barnes,1033,2,3,430000,2816,2008,10,1,,14,good
749798,Waupaca,1033,1,3,102000,1080,1923,10,1,,16,good
749790,Oshkosh,1033,1,2,50000,894,1875,10,1,,16,good
748045,Brussels,1033,1,2,144900,960,1968,10,1,,14,good
747618,Green Bay,1033,2,0,81900,1918,1925,30,1,,14,good
747240,Neenah,1033,3,3,279900,2223,2004,10,1,,14,good
742351,Ingleside,1005,2,3,144900,1272,2001,90,1,2,14,good
738134,Lake Ariel,1026,6,4,975000,4865,2008,10,1,,19,good
735009,"Hoboken,",1032,1,1,485000,0,,10,1,,0,bad
734975,Marlboro,1032,4,4,583250,3000,1979,10,1,,0,bad
734872,Millstone,1032,5,5,1799000,0,1930,10,1,,0,bad
730776,Jim Thorpe,1026,0,0,79000,1575,1881,30,1,,1,bad
716034,Peoria,1022,1,2,5900,1241,1920,10,1,,1,bad
710538,Oneonta,1007,2,3,97000,1301,1920,10,1,1,18,good
708314,Seminole,1019,2,3,259900,2576,1977,10,1,,1,bad
705627,Oklahoma City,1019,1,2,75900,1037,1984,30,1,,1,bad
705626,Crescent,1019,1,2,59900,800,1940,10,1,,1,bad
701572,Omaha,1040,4,4,419000,3318,2018,10,1,3,0,bad
701275,Yutan,1040,2,3,332000,1596,2018,10,1,3,1,bad
700870,Omaha,1040,3,5,306345,2573,2019,10,1,3,0,bad
694530,Staten Island,1007,0,0,550000,0,1899,30,1,0,0,bad
692289,Albany,1007,0,0,2000,2112,,90,1,0,0,bad
692082,Staten Island,1007,1,3,145000000,1400,1930,10,1,0,0,bad
690197,Ilion NY,1007,2,4,169900,0,1986,10,1,2,0,bad
690195,Frankfort NY,1007,2,3,84900,1648,1890,10,1,0,0,bad
689635,Mount Vernon,1007,3,6,240000,0,,10,1,0,0,bad
689463,Central Islip,1007,2,4,230000,0,1950,10,1,0,0,bad
689427,Brentwood,1007,3,7,310000,3162,2006,10,1,0,0,bad
687689,Winnfield,1016,2,3,140000,2300,1920,10,1,3,20,good
687271,Shreveport,1016,1,3,7500,1692,1955,10,1,1,1,bad
681851,Troup,1005,2,3,357500,2708,2007,10,1,2,0,bad
674417,Lewisville,1005,2,3,240000,1667,1975,10,1,2,20,good
672941,Gun Barrel City,1005,4,4,275000,2632,2012,10,1,2,29,good
669927,Plano,1005,5,5,975000,4957,1999,10,1,3,1,bad
660466,Rowlett,1005,2,3,850000,1886,1963,10,1,4,0,bad
656332,North Richland Hills,1005,3,3,345900,1856,2018,70,1,2,0,bad
652270,Tulsa,1019,4,5,285000,4009,1998,10,1,2,11,good
651530,Claremore,1019,2,3,82800,1104,1999,10,1,1,0,bad
651345,Cookson,1019,2,3,186000,1500,2016,10,1,2,0,bad
649697,Tulsa,1019,5,6,295000,5897,1958,10,1,4,0,bad
647715,Metairie,1016,0,0,4880,11712,2019,50,1,,1,bad
647644,St Bernard,1016,0,0,305,,1984,50,1,,1,bad
647640,St Bernard,1016,0,0,305,,1984,50,1,,1,bad
647635,St Bernard,1016,0,0,305,,1984,50,1,,1,bad
647629,St Bernard,1016,0,0,305,,1984,50,1,,1,bad
647622,St Bernard,1016,0,0,305,,1984,50,1,,1,bad
647620,St Bernard,1016,0,0,305,,1984,50,1,,1,bad
647605,St Bernard,1016,0,0,305,,1984,50,1,,1,bad
647602,St Bernard,1016,0,0,305,,1984,50,1,,1,bad
638209,Arlington,1017,2,3,149000,1656,1850,10,1,,21,good
637373,Newport City,1017,1,3,235000,864,1965,10,1,,15,good
629849,Mission,1005,4,4,285,2366,1991,50,1,,1,bad
625119,Parma,1018,2,4,124900,1388,1930,10,1,2,34,good
613690,Canton,1018,2,4,82500,1620,1927,30,1,2,11,good
603259,Oxford,1020,3,3,164500,1340,2004,20,1,,18,good
574673,Menifee,1008,2,3,350000,1243,2009,10,1,2,16,good
571235,Hiram,1021,1,2,189000,1618,2004,10,1,,22,good
546008,CHICAGO,1022,0,0,120000,,1907,30,1,,1,bad
539611,CHICAGO,1022,2,3,650000,2000,1899,20,1,1,20,good
537403,FOX LAKE,1022,1,2,69900,750,1970,20,1,2,19,good
533960,Bradley Beach,1032,5,2,675000,,,50,1,,0,bad
531822,Toms River,1032,2,3,439000,2100,1958,10,1,,30,good
529071,Jackson,1032,2,3,149900,1326,1988,70,1,,0,bad
524824,Shrewsbury,1039,3,4,599500,2400,2018,10,1,4,21,good
519451,East Hills,1007,4,5,1399000,3700,1948,10,1,,20,good
510949,Massapequa,1007,3,5,1129000,,2014,10,1,,20,good
492455,Camby,1010,4,5,209900,3200,2016,10,1,,21,good
478138,ST PETERSBURG,1001,1,2,159900,882,1954,10,1,1,16,good
462581,Milwaukee,1033,1,3,89900,1056,1936,10,1,2,15,good
460005,Mukwonago,1033,2,4,775000,1844,1982,10,1,1,25,good
458894,North Brunswick,1032,3,4,469000,,1987,10,1,2,25,good
456097,McCall,1006,2,3,2500,1330,1981,40,1,1,8,bad
450003,St Robert,1000,3,3,75000,1476,2000,10,1,2,10,good
448890,St Clair,1000,2,3,136000,1056,1995,10,1,1,24,good
448747,Arnold,1000,2,3,215900,1300,,10,1,2,0,bad
444074,Vandalia,1000,3,3,84900,1972,1968,10,1,9,24,good
442533,Ofallon,1000,2,3,133000,1000,1958,10,1,1,10,good
438782,Waynesboro,1035,1,3,68000,,1934,10,1,0,1,bad
437718,Deatsville,1002,2,3,199900,1600,2018,10,1,,0,bad
431540,Victoria,1036,3,3,389800,,2009,10,1,,0,bad
431537,South Hill,1036,3,4,259000,,1985,10,1,,0,bad
416299,Lawton,1019,1,3,7500,,,10,1,,1,bad
411363,Rincon,1038,2,2,85000,1078,1988,10,1,0,0,bad
411351,Santa Teresa,1038,3,4,219950,1807,2018,10,1,2,0,bad
408372,LONGVIEW,1005,4,4,390000,3033,1993,10,1,2,25,good
406210,Yakima,1037,2,3,199000,1399,2003,50,1,,18,good
404828,Snohomish,1037,3,4,725000,2775,1995,90,1,3,21,good
400754,Jersey City,1032,4,5,949001,0,,90,1,,0,bad
391525,Houston,1005,1,3,399000,1088,1930,10,1,,0,bad
385738,Edinburg,1005,2,2,45000,1089,1973,20,1,,10,good
376026,Kodak,1035,3,3,250000,2914,1983,10,1,2,40,good
375126,Knoxville,1035,3,5,448492,3362,2017,10,1,2,0,bad
374706,Jamestown,1035,2,3,197400,1572,2013,10,1,2,28,good
374031,Tazewell,1035,1,2,80000,960,1974,10,1,,0,bad
372558,Clinton,1035,3,3,200000,2464,1994,10,1,2,28,good
370171,Jacksonville,1014,2,3,160000,1372,2011,10,1,,28,good
370099,Jacksonville,1014,3,4,219900,2021,2013,10,1,,28,good
364847,McCall,1006,3,2,1200,980,1991,20,1,1,8,bad
364842,McCall,1006,3,2,2500,980,1991,20,1,1,8,bad
363967,Twin Falls,1006,4,4,599000,5533,1999,10,1,6,18,good
361002,Idyllwild,1008,3,4,329700,1762,1974,10,1,,29,good
360814,HotSprings,1009,4,3,439500,2308,2006,10,1,2,18,good
360271,HotSprings,1009,2,3,149900,1692,1978,10,1,2,20,good
360085,BROADWAY,1036,2,3,269900,1533,2018,10,1,2,20,good
359050,Lee's Summit,1000,4,4,229000,2382,2000,10,1,2,29,good
358112,Leavenworth,1011,0,0,220000,,2006,30,1,2,0,bad
358093,Basehor,1011,3,3,210000,1623,2018,70,1,2,0,bad
358091,Basehor,1011,3,3,210000,1623,2018,70,1,2,0,bad
358090,Basehor,1011,3,3,210000,1623,2018,70,1,2,0,bad
355946,Basehor,1011,4,4,295000,,2018,10,1,3,0,bad
333042,City Of Orange Twp.,1032,2,6,60000,,1928,50,1,2,1,bad
331155,Newark City,1032,2,5,150000,,1923,50,1,4,1,bad
328621,Passaic City,1032,2,2,120000,,1920,10,1,,1,bad
325505,Gatlinburg,1035,3,3,369900,2360,1990,10,1,2,20,good
316936,Hudsonville,1027,2,3,229900,1916,1996,10,1,2,27,good
296862,Brunswick,1013,2,3,214900,1790,2018,10,1,,0,bad
285555,Plaquemine,1016,2,3,182000,2167,,10,1,,14,good
280824,Locust Grove,1013,3,3,159900,1750,1987,10,1,,26,good
280334,Sharpsburg,1013,3,3,319900,3000,1980,10,1,,0,bad
276364,Decatur,1013,1,3,249900,0,1945,10,1,,0,bad
274602,Canton,1013,5,5,579000,0,2002,10,1,,0,bad
273566,Atlanta,1013,3,2,3500,1563,2008,90,2,,0,bad
273166,Jonesboro,1013,3,3,800,0,1974,90,2,,14,good
269273,Chattahoochee Hills,1013,2,3,175000,1540,1989,10,1,,15,good
259270,Carroll,1034,0,0,980,,1971,50,2,,0,bad
253506,LEHIGH ACRES,1001,1,1,800,,1971,90,2,,10,good
250181,Monroe,1013,4,4,314990,3004,2018,10,1,,0,bad
249121,Duluth,1013,4,5,2500,2658,2003,10,2,,36,good
243028,Marietta,1013,3,2,1250,1232,1986,70,2,,11,good
232446,Cedartown,1013,1,2,59900,1002,1947,10,1,,0,bad
230602,Atlanta,1013,3,4,204900,2592,2006,10,1,,0,bad
228478,Douglasville,1013,2,3,114900,1259,1971,10,1,,1,bad
221791,Sanford,1014,3,4,249000,,1977,10,1,2,0,bad
221426,FAYETTEVILLE,1014,2,3,46500,,1975,10,1,1,0,bad
219548,Flint,1027,1,1,3500,480,1926,10,1,,1,bad
219403,Flint,1027,1,3,9900,1435,1952,10,1,,1,bad
219401,Flint,1027,1,2,8900,768,1956,10,1,,1,bad
219400,Flint,1027,1,2,8900,768,1956,10,1,,1,bad
219393,Flint,1027,1,2,9900,860,1926,10,1,,1,bad
219390,Flint,1027,1,2,8900,768,1956,10,1,,1,bad
218799,Blytheville,1009,1,3,2500,980,1959,20,1,,1,bad
218758,Wynne,1009,1,2,2500,1125,1933,10,1,,0,bad
215042,Ketchum,1006,6,4,5450000,4618,2017,10,1,,18,good
212244,Horseheads,1007,2,4,188000,2016,,10,1,,18,good
210356,Miramar Beach,1001,2,3,300000,1392,1977,10,1,2,19,good
204492,Ankeny,1034,3,4,1257886,2656,2018,10,1,,0,bad
204450,Des Moines,1034,1,3,190000,809,1890,10,1,,0,bad
204438,Elkhart,1034,0,0,425000,0,2015,10,1,,0,bad
204429,Earlham,1034,4,4,405000,2500,2018,10,1,,0,bad
204392,Clive,1034,2,2,391060,1500,2018,10,1,,0,bad
203873,Des Moines,1034,1,1,19900,481,1923,10,1,,0,bad
203855,Pella,1034,3,4,354050,1660,2018,10,1,,0,bad
203838,Johnston,1034,0,0,944435,2713,2018,10,1,,0,bad
203697,West Des Moines,1034,0,5,728615,2950,2017,10,1,,0,bad
203510,Des Moines,1034,2,3,278900,1483,2018,10,1,,0,bad
203435,Windsor Heights,1034,1,3,111000,1703,1940,10,1,,0,bad
203407,Des Moines,1034,2,3,261900,1532,2017,10,1,,0,bad
195390,Wausau,1033,1,3,93200,1092,,10,1,1,14,good
178740,New Scotland TOV,1007,5,4,999900,4525,,10,1,12,40,good
169662,Elgin,1031,2,3,177680,1663,2018,10,1,,0,bad
156296,Stone Harbor,1032,2,2,509000,,1935,20,1,,18,good
153915,PINEVILLE,1016,2,3,169900,1381,2016,10,1,,22,good
150396,Los Angeles (City),1008,6,5,14500,5391,1986,10,2,0,20,good
150043,Kokomo,1010,1,2,69900,864,1920,10,1,1,20,good
142080,Cathedral City,1008,2,4,325000,1886,2002,10,1,2,18,good
128982,North Myrtle Beach,1031,1,1,119900,,1981,20,1,,18,good
124441,Venice,1001,0,0,169900,0,,10,1,,0,bad
124430,North Port,1001,0,0,265000,0,,10,1,,0,bad
124114,Port Charlotte,1001,0,0,9000,0,,10,1,,0,bad
121760,Williamsburg,1027,0,0,205000,0,,10,1,,0,bad
121495,Cheyenne,1030,3,4,504586,,2018,100,1,4,0,bad
120413,COLUMBIA,1000,3,4,239900,2208,1994,10,1,,0,bad
120018,COLUMBIA,1000,1,2,69995,864,2005,50,1,,0,bad
119734,Columbia,1000,2,3,800,1500,2003,30,2,,0,bad
115568,Trenton,1013,3,6,198800,2700,2003,80,1,,10,good
114156,Conway,1009,8,2,360000,4960,2012,30,1,4,10,good
110463,Paragould,1009,0,0,8500,,,50,1,,1,bad
109535,Little Rock,1009,1,2,5999,2154,1982,10,1,,1,bad
108257,Hot Springs Vill.,1009,2,2,59800,1200,1984,70,1,2,1,bad
103889,Maysville,1012,0,51,720,,1978,60,1,2,1,bad
97798,HAYDEN,1002,2,3,169900,,2008,10,1,,1,bad
97486,VESTAVIA HILLS,1002,4,5,575000,,2014,10,1,,50,good
96394,OXFORD,1002,2,3,189900,,,10,1,,39,good
93928,BONITA SPRINGS,1001,3,3,549000,2217,1989,10,1,2,18,good
83782,Big Bear Lake,1008,1,2,224900,720,1975,10,1,,18,good
83159,Mullens,1029,1,3,9000,913,,10,1,,1,bad
81880,Billings,1028,0,0,125900,0,2010,50,1,3,0,bad
80296,Bakersfield,1008,3,4,222900,2055,2003,10,1,1,0,bad
73997,Phoenix,1015,2,3,389900,1737,1951,10,1,,0,bad
63695,Avondale,1015,0,0,169000,,1963,30,1,1,0,bad
53398,Altoona,1026,0,0,7200,0,,50,1,0,1,bad
51604,Hereford,1015,3,4,344400,2460,2018,10,1,3,0,bad
51603,Hereford,1015,3,4,303240,2166,2018,10,1,3,0,bad
50618,Lake Placid,1007,2,2,6000,1704,1981,40,1,,1,bad
50614,Lake Placid,1007,2,2,7000,1704,1981,40,1,,1,bad
47216,Elberton,1013,5,5,600000,,1970,10,1,4,0,bad
46253,Manchester,1027,3,3,334900,2107,2018,10,1,,1,bad
45418,Philadelphia,1026,1,0,925,358,,10,2,0,0,bad
45244,Ashland,1012,0,0,59900,,,10,1,,0,bad
45243,Ashland,1012,0,0,139900,,,60,1,,0,bad
44782,Canterbury,1025,2,3,299900,1517,2000,10,1,2,0,bad
44656,St. Andrew West,1024,3,4,345000,1833,1988,10,1,2,0,bad
43090,Plantation,1001,2,3,389900,2378,1990,10,1,2,64,good
42870,Coral Springs,1001,2,2,264900,1430,1993,20,1,1,75,good
42221,Aventura,1001,2,2,1650,,1975,20,2,1,31,good
41860,Tamarac,1001,2,2,225000,1507,1971,10,1,1,40,good
41770,Aventura,1001,3,3,639000,2080,1984,20,1,1,37,good
40367,Other City - In The State Of Florida,1001,0,0,9999.99,,,10,1,0,1,bad
40366,Other City - In The State Of Florida,1001,0,0,9999.99,,,10,1,0,1,bad
40359,Other City - In The State Of Florida,1001,0,0,9999.99,,,10,1,0,1,bad
37422,Other City - In The State Of Florida,1001,0,0,7900,,,10,1,0,0,bad
34893,Tamarac,1001,2,2,218900,1387,1968,10,1,1,42,good
33194,Miami,1001,0,0,500000,,,10,1,0,0,bad
33193,Miami,1001,0,0,500000,,,10,1,0,0,bad
29469,Miami,1001,0,0,39900,,,10,1,0,0,bad
29211,Davie,1001,0,0,225000,45000,,10,1,0,2,bad
25018,North Lauderdale,1001,2,4,195000,1356,1976,10,1,0,0,bad
21560,Other City Value - Out Of Area,1001,0,0,35000,,,10,1,0,0,bad
20636,Miami,1001,1,1,290000,694,2008,20,1,1,2,bad
19784,Other County - Not In Usa,1023,5,5,1100000,,1930,20,1,0,0,bad
16871,Miami Beach,1001,1,1,525000,780,1999,20,1,1,0,bad
16303,Other City - In The State Of Florida,1001,0,0,7500,,,10,1,0,2,bad
16291,Other City - In The State Of Florida,1001,0,0,7000,,,10,1,0,2,bad
16290,Other City - In The State Of Florida,1001,0,0,10000,,,10,1,0,2,bad
16280,Other City - In The State Of Florida,1001,0,0,7000,,,10,1,0,1,bad
13905,Miami,1001,0,0,8000,,,10,1,0,2,bad
11706,Indian Town,1001,0,0,110000,,,10,1,0,0,bad
11313,Davie,1001,3,4,639000,3293,1974,10,1,2,38,good
10828,Other City - In The State Of Florida,1001,0,0,8500,,,10,1,0,1,bad
10411,Miami,1001,0,0,350000,,,10,1,0,0,bad
8612,Other City - In The State Of Florida,1001,0,0,2500,,,10,1,0,1,bad
7840,Miami,1001,0,0,425000,1512,1923,30,1,5,2,bad
7423,Miami,1001,0,0,46000,,,10,1,0,0,bad
7420,Miami,1001,0,0,46000,,,10,1,0,0,bad
7272,West Palm Beach,1001,0,0,39000,,,10,1,0,0,bad
7271,West Palm Beach,1001,0,0,39000,,,10,1,0,0,bad
7270,Miramar,1001,0,0,990000,,,10,1,0,0,bad
7268,Deerfield Beach,1001,0,0,146000,,,10,1,0,0,bad
7267,Deerfield Beach,1001,0,0,146000,,,10,1,0,0,bad
7241,Miami,1001,0,0,150000,,,10,1,0,0,bad
7232,Miami,1001,0,0,174000,,,10,1,0,0,bad
7114,Sunny Isles Beach,1001,2,3,734000,1367,1949,10,1,1,1,bad
6599,Miami,1001,2,1,97900,861,1968,20,1,0,0,bad
5181,North Miami Beach,1001,1,1,92000,642,1962,20,1,0,2,bad
3983,Sunrise,1001,3,3,379000,2408,1981,10,1,2,0,bad
2637,North Lauderdale,1001,2,2,125000,1300,1973,20,1,0,0,bad
